Name,Year,Country,Countries,Category,Gender,Details
14th Dalai Lama,1989,Tibet,Tibet,Peace,Man, born in Tibet
A. Michael Spence,2001,United States,United States,Economics,Man,
Aage Bohr,1975,Denmark,Denmark,Physics,Man,
Aaron Ciechanover,2004,Israel,Israel,Chemistry,Man,
Aaron Klug,1982,Lithuania,Lithuania,Chemistry,Man,
Aaron Klug,1982,South Africa,"Lithuania, South Africa",Chemistry,Man,
Aaron Klug,1982,United Kingdom,"Lithuania, South Africa, United Kingdom",Chemistry,Man, born in Lithuania
Abdus Salam,1979,Pakistan,Pakistan,Physics,Man," As Pakistani citizen born in then British India,  now Pakistan"
Abhijit Banerjee,2019,India,India,Economics,Man,
Abhijit Banerjee,2019,United States,"India, United States",Economics,Man, born in India
Abiy Ahmed Ali,2019,Ethiopia,Ethiopia,Peace,Man,
Ada Yonath,2009,Israel,Israel,Chemistry,Woman,
Adam G. Riess,2011,United States,United States,Physics,Man,
Adolf Butenandt,1939,Germany,Germany,Chemistry,Man,
Adolf Otto Reinhold Windaus,1928,Germany,Germany,Chemistry,Man,
Adolf von Baeyer,1905,Germany,Germany,Chemistry,Man,
Adolfo Pérez Esquivel,1980,Argentina,Argentina,Peace,Man,
Ahmed H. Zewail,1999,United States,United States,Chemistry,Man, born in Egypt
Ahmed Zewail,1999,Egypt,Egypt,Chemistry,Man,
Akira Suzuki,2010,Japan,Japan,Chemistry,Man,
Akira Yoshino,2019,Japan,Japan,Chemistry,Man,
Al Gore,2007,United States,United States,Peace,Man,
Alan Heeger,2000,United States,United States,Chemistry,Man,
Alan Lloyd Hodgkin,1963,United Kingdom,United Kingdom,Physiology or Medicine,Man,
Alan MacDiarmid,2000,New Zealand,New Zealand,Chemistry,Man,
Alan MacDiarmid,2000,United States,"New Zealand, United States",Chemistry,Man, born in New Zealand
Albert A. Michelson,1907,Poland,Poland,Physics,Man," born in Strelno,  North German Confederation (now in Poland)"
Albert A. Michelson,1907,United States,"Poland, United States",Physics,Man," born in then Germany,  now Poland"
Albert Camus,1957,France,France,Literature,Man, born in French Algeria
Albert Claude,1974,Belgium,Belgium,Physiology or Medicine,Man,
Albert Einstein,1921,Germany,Germany,Physics,Man,
Albert Einstein,1921,Switzerland,"Germany, Switzerland",Physics,Man, born in Germany
Albert Fert,2007,France,France,Physics,Man,
Albert Lutuli,1960,South Africa,South Africa,Peace,Man," born in then Rhodesia,  now Zimbabwe"
Albert Schweitzer,1952,France,France,Peace,Man," born in Alsace,  then in Germany"
Albert Schweitzer,1952,Germany,"France, Germany",Peace,Man,
Albert Szent-Györgyi,1937,Hungary,Hungary,Physiology or Medicine,Man,
Albrecht Kossel,1910,Germany,Germany,Physiology or Medicine,Man,
Aleksandr Solzhenitsyn,1970,Russia and Soviet Union,Russia and Soviet Union,Literature,Man,
Alexander Fleming,1945,United Kingdom,United Kingdom,Physiology or Medicine,Man,
Alexander Prokhorov,1964,Russia and Soviet Union,Russia and Soviet Union,Physics,Man, born in Australia
Alexander R. Todd,1957,United Kingdom,United Kingdom,Chemistry,Man, Baron Todd
Alexei Alexeyevich Abrikosov,2003,Russia and Soviet Union,Russia and Soviet Union,Physics,Man,
Alexei Alexeyevich Abrikosov,2003,United States,"Russia and Soviet Union, United States",Physics,Man, born in Russia
Alexis Carrel,1912,France,France,Physiology or Medicine,Man,
Alfonso García Robles,1982,Mexico,Mexico,Peace,Man,
Alfred G. Gilman,1994,United States,United States,Physiology or Medicine,Man,
Alfred Hermann Fried,1911,Austria,Austria,Peace,Man,
Alfred Hershey,1969,United States,United States,Physiology or Medicine,Man,
Alfred Kastler,1966,France,France,Physics,Man,
Alfred Werner,1913,France,France,Chemistry,Man,
Alfred Werner,1913,Switzerland,"France, Switzerland",Chemistry,Man,
Alice Munro,2013,Canada,Canada,Literature,Woman,
Allan M. Cormack,1979,South Africa,South Africa,Physiology or Medicine,Man,
Allan M. Cormack,1979,United States,"South Africa, United States",Physiology or Medicine,Man, born in South Africa
Allvar Gullstrand,1911,Sweden,Sweden,Physiology or Medicine,Man,
Alva Myrdal,1982,Sweden,Sweden,Peace,Woman,
Alvin E. Roth,2012,United States,United States,Economics,Man,
Amartya Sen,1998,India,India,Economics,Man,
American Friends Service Committee (The Quakers),1947,United States,United States,Peace,Organization,
Amnesty International,1977,United Kingdom,United Kingdom,Peace,Organization,
Anatole France,1921,France,France,Literature,Man,
André F. Cournand,1956,United States,United States,Physiology or Medicine,Man, France
André Frédéric Cournand,1956,France,France,Physiology or Medicine,Man,
Andre Geim,2010,Netherlands,Netherlands,Physics,Man," born in Soviet Union,  now Russia"
Andre Geim,2010,Russia and Soviet Union,"Netherlands, Russia and Soviet Union",Physics,Man,
André Gide,1947,France,France,Literature,Man,
André Lwoff,1965,France,France,Physiology or Medicine,Man,
Andrei Sakharov,1975,Russia and Soviet Union,Russia and Soviet Union,Peace,Man,
Andrew Huxley,1963,United Kingdom,United Kingdom,Physiology or Medicine,Man,
Andrew Schally,1977,Poland,Poland,Physiology or Medicine,Man," born in Wilno,  Poland (now Vilnius,  Lithuania)"
Andrew Schally,1977,United States,"Poland, United States",Physiology or Medicine,Man," born in then Poland,  now Lithuania"
Andrew Z. Fire,2006,United States,United States,Physiology or Medicine,Man,
Angus Deaton,2015,United Kingdom,United Kingdom,Economics,Man,
Angus Deaton,2015,United States,"United Kingdom, United States",Economics,Man, born in United Kingdom
Anthony J. Leggett,2003,United Kingdom,United Kingdom,Physics,Man,
Anthony J. Leggett,2003,United States,"United Kingdom, United States",Physics,Man, born in United Kingdom
Antoine Henri Becquerel,1903,France,France,Physics,Man,
António Egas Moniz,1949,Portugal,Portugal,Physiology or Medicine,Man,
Antony Hewish,1974,United Kingdom,United Kingdom,Physics,Man,
Anwar Sadat,1978,Egypt,Egypt,Peace,Man,
Archer John Porter Martin,1952,United Kingdom,United Kingdom,Chemistry,Man,
Archibald Vivian Hill,1922,United Kingdom,United Kingdom,Physiology or Medicine,Man,
Arieh Warshel,2013,Israel,Israel,Chemistry,Man,
Arieh Warshel,2013,United States,"Israel, United States",Chemistry,Man, born in Israel
Aristide Briand,1926,France,France,Peace,Man,
Arne Tiselius,1948,Sweden,Sweden,Chemistry,Man,
Arno Penzias,1978,Germany,Germany,Physics,Man,
Arno Penzias,1978,United States,"Germany, United States",Physics,Man, born in Germany
Arthur Ashkin,2018,United States,United States,Physics,Man,
Arthur B. McDonald,2015,Canada,Canada,Physics,Man,
Arthur H. Compton,1927,United States,United States,Physics,Man,
Arthur Harden,1929,United Kingdom,United Kingdom,Chemistry,Man,
Arthur Henderson,1934,United Kingdom,United Kingdom,Peace,Man,
Arthur Kornberg,1959,United States,United States,Physiology or Medicine,Man,
Arthur L. Schawlow,1981,United States,United States,Physics,Man,
Artturi Ilmari Virtanen,1945,Finland,Finland,Chemistry,Man," born in the Grand Duchy of Finland,  a part of the Russian Empire in 1809–1917"
Arvid Carlsson,2000,Sweden,Sweden,Physiology or Medicine,Man,
August Krogh,1920,Denmark,Denmark,Physiology or Medicine,Man,
Auguste Beernaert,1909,Belgium,Belgium,Peace,Man,
Aung San Suu Kyi,1991,Myanmar (Burma),Myanmar (Burma),Peace,Woman,
Austen Chamberlain,1925,United Kingdom,United Kingdom,Peace,Man,
Avram Hershko,2004,Hungary,Hungary,Chemistry,Man, as an Israeli citizen
Avram Hershko,2004,Israel,"Hungary, Israel",Chemistry,Man, born in Hungary
Aziz Sancar,2015,Turkey,Turkey,Chemistry,Man,
Aziz Sancar,2015,United States,"Turkey, United States",Chemistry,Man, born in Turkey
Barack H. Obama,2009,United States,United States,Peace,Man,
Barbara McClintock,1983,United States,United States,Physiology or Medicine,Woman,
Barry Barish,2017,United States,United States,Physics,Man,
Barry Marshall,2005,Australia,Australia,Physiology or Medicine,Man,
Baruch S. Blumberg,1976,United States,United States,Physiology or Medicine,Man,
Baruj Benacerraf,1980,United States,United States,Physiology or Medicine,Man, born in Venezuela
Baruj Benacerraf,1980,Venezuela,"United States, Venezuela",Physiology or Medicine,Man,
Ben Feringa,2016,Netherlands,Netherlands,Chemistry,Man,
Ben Roy Mottelson,1975,Denmark,Denmark,Physics,Man, born in United States
Ben Roy Mottelson,1975,United States,"Denmark, United States",Physics,Man,
Bengt I. Samuelsson,1982,Sweden,Sweden,Physiology or Medicine,Man,
Bengt R. Holmström,2016,Finland,Finland,Economics,Man,
Bernard Katz,1970,Germany,Germany,Physiology or Medicine,Man,
Bernard Katz,1970,United Kingdom,"Germany, United Kingdom",Physiology or Medicine,Man, born in Germany
Bernardo Houssay,1947,Argentina,Argentina,Physiology or Medicine,Man,
Bert Sakmann,1991,Germany,Germany,Physiology or Medicine,Man,
Bertha von Suttner,1905,Czech Republic,Czech Republic,Peace,Woman,"Born in the Austrian Empire, now Czech Republic"
Bertil Ohlin,1977,Sweden,Sweden,Economics,Man,
Bertram Brockhouse,1994,Canada,Canada,Physics,Man,
Bertrand Russell,1950,United Kingdom,United Kingdom,Literature,Man,
Betty Williams,1976,Ireland,Ireland,Peace,Woman,"Born in North Ireland, part of the UK"
Betty Williams,1976,United Kingdom,"Ireland, United Kingdom",Peace,Woman,"Born in North Ireland, part of the UK"
Bjørnstjerne Bjørnson,1903,Norway,Norway,Literature,Man,
Bob Dylan,2016,United States,United States,Literature,Man,
Boris Pasternak,1958,Russia and Soviet Union,Russia and Soviet Union,Literature,Man,(forced to decline)
Brian David Josephson,1973,United Kingdom,United Kingdom,Physics,Man,
Brian K. Kobilka,2012,United States,United States,Chemistry,Man,
Brian P. Schmidt,2011,United States,United States,Physics,Man,
Brian Schmidt,2011,Australia,Australia,Physics,Man, born in the United States
Bruce Beutler,2011,United States,United States,Physiology or Medicine,Man,
Bruce Merrifield,1984,United States,United States,Chemistry,Man,
Burton Richter,1976,United States,United States,Physics,Man,
C. V. Raman,1930,India,India,Physics,Man,
Camillo Golgi,1906,Italy,Italy,Physiology or Medicine,Man,
Camilo José Cela,1989,Spain,Spain,Literature,Man,
Carl Anderson,1936,United States,United States,Physics,Man,
Carl Bosch,1931,Germany,Germany,Chemistry,Man,
Carl E. Wieman,2001,United States,United States,Physics,Man,
Carl Ferdinand Cori,1947,Czech Republic,Czech Republic,Physiology or Medicine,Man," born in Prague,  Austria-Hungary,  now Czech Republic"
Carl Ferdinand Cori,1947,United States,"Czech Republic, United States",Physiology or Medicine,Man, born in Austria
Carl Gustaf Verner von Heidenstam,1916,Sweden,Sweden,Literature,Man,
Carl Spitteler,1919,Switzerland,Switzerland,Literature,Man,
Carl von Ossietzky,1935,Germany,Germany,Peace,Man,
Carlo Rubbia,1984,Italy,Italy,Physics,Man,
Carlos Filipe Ximenes Belo,1996,East Timor,East Timor,Peace,Man,
Carlos Filipe Ximenes Belo,1996,Portugal,"East Timor, Portugal",Peace,Man," born in then Portuguese Timor,  now East Timor"
Carlos Saavedra Lamas,1936,Argentina,Argentina,Peace,Man,
Carol W. Greider,2009,United States,United States,Physiology or Medicine,Woman,
Cecil Frank Powell,1950,United Kingdom,United Kingdom,Physics,Man,
César Milstein,1984,Argentina,Argentina,Physiology or Medicine,Man,
César Milstein,1984,United Kingdom,"Argentina, United Kingdom",Physiology or Medicine,Man, born in Argentina
Charles Albert Gobat,1902,Switzerland,Switzerland,Peace,Man,
Charles B. Huggins,1966,Canada,Canada,Physiology or Medicine,Man,
Charles B. Huggins,1966,United States,"Canada, United States",Physiology or Medicine,Man, born in Canada
Charles Édouard Guillaume,1920,Switzerland,Switzerland,Physics,Man,
Charles G. Dawes,1925,United States,United States,Peace,Man,
Charles Glover Barkla,1917,United Kingdom,United Kingdom,Physics,Man,
Charles H. Townes,1964,United States,United States,Physics,Man,
Charles J. Pedersen,1987,United States,United States,Chemistry,Man, born in Korea
Charles K. Kao,2009,"China, Republic of","China, Republic of",Physics,Man,
Charles K. Kao,2009,Hong Kong,"China, Republic of, Hong Kong",Physics,Man,
Charles K. Kao,2009,United Kingdom,"China, Republic of, Hong Kong, United Kingdom",Physics,Man,
Charles K. Kao,2009,United States,"China, Republic of, Hong Kong, United Kingdom, United States",Physics,Man, born in China
Charles Louis Alphonse Laveran,1907,France,France,Physiology or Medicine,Man,
Charles Nicolle,1928,France,France,Physiology or Medicine,Man,
Charles Richet,1913,France,France,Physiology or Medicine,Man,
Charles Scott Sherrington,1932,United Kingdom,United Kingdom,Physiology or Medicine,Man,
Charles Thomson Rees Wilson,1927,United Kingdom,United Kingdom,Physics,Man,
Chen Ning Yang,1957,United States,United States,Physics,Man, born in China
Chen-Ning Yang,1957,"China, Republic of","China, Republic of",Physics,Man,
Christiaan Eijkman,1929,Netherlands,Netherlands,Physiology or Medicine,Man,
Christian Anfinsen,1972,United States,United States,Chemistry,Man,
Christian de Duve,1974,Belgium,Belgium,Physiology or Medicine,Man, born in the United Kingdom
Christian de Duve,1974,United Kingdom,"Belgium, United Kingdom",Physiology or Medicine,Man,
Christian Lous Lange,1921,Norway,Norway,Peace,Man,
Christiane Nüsslein-Volhard,1995,Germany,Germany,Physiology or Medicine,Woman,
Christopher A. Pissarides,2010,Cyprus,Cyprus,Economics,Man,
Christopher A. Pissarides,2010,United Kingdom,"Cyprus, United Kingdom",Economics,Man, born in Cyprus
Christopher A. Sims,2011,United States,United States,Economics,Man,
Claude Cohen-Tannoudji,1997,France,France,Physics,Man, born in French Algeria
Claude Simon,1985,France,France,Literature,Man,
Clifford G. Shull,1994,United States,United States,Physics,Man,
Clinton Davisson,1937,United States,United States,Physics,Man,
Clive W. J. Granger,2003,United Kingdom,United Kingdom,Economics,Man,
Cordell Hull,1945,United States,United States,Peace,Man,
Corneille Heymans,1938,Belgium,Belgium,Physiology or Medicine,Man,
Craig C. Mello,2006,United States,United States,Physiology or Medicine,Man,
Cyril Norman Hinshelwood,1956,United Kingdom,United Kingdom,Chemistry,Man,
Czesław Miłosz,1980,Lithuania,Lithuania,Literature,Man,
Czesław Miłosz,1980,Poland,"Lithuania, Poland",Literature,Man," born in Russian Empire,  now Lithuania"
Czesław Miłosz,1980,United States,"Lithuania, Poland, United States",Literature,Man," born in then Russian Empire,  now Lithuania"
Dag Hammarskjöld,1961,Sweden,Sweden,Peace,Man,(posthumously)
Dale T. Mortensen,2010,United States,United States,Economics,Man,
Dan Shechtman,2011,Israel,Israel,Chemistry,Man,
Daniel Bovet,1957,Italy,Italy,Physiology or Medicine,Man, born in Switzerland
Daniel Bovet,1957,Switzerland,"Italy, Switzerland",Physiology or Medicine,Man,
Daniel C. Tsui,1998,"China, People's Republic of","China, People's Republic of",Physics,Man,
Daniel C. Tsui,1998,United States,"China, People's Republic of, United States",Physics,Man, born in China
Daniel Carleton Gajdusek,1976,United States,United States,Physiology or Medicine,Man,
Daniel Kahneman,2002,Israel,Israel,Economics,Man,
Daniel Kahneman,2002,United States,"Israel, United States",Economics,Man, born in Israel
Daniel L. McFadden,2000,United States,United States,Economics,Man,
Daniel Nathans,1978,United States,United States,Physiology or Medicine,Man,
Dario Fo,1997,Italy,Italy,Literature,Man,
David Baltimore,1975,United States,United States,Physiology or Medicine,Man,
David H. Hubel,1981,Canada,Canada,Physiology or Medicine,Man,
David H. Hubel,1981,United States,"Canada, United States",Physiology or Medicine,Man, born in Canada
David J. Gross,2004,United States,United States,Physics,Man,
David J. Thouless,2016,United Kingdom,United Kingdom,Physics,Man,
David J. Wineland,2012,United States,United States,Physics,Man,
David M. Lee,1996,United States,United States,Physics,Man,
David Trimble,1998,Ireland,Ireland,Peace,Man,
David Trimble,1998,United Kingdom,"Ireland, United Kingdom",Peace,Man,
Denis Mukwege,2018,"Congo, Democratic Republic","Congo, Democratic Republic",Peace,Man,
Dennis Gabor,1971,Hungary,Hungary,Physics,Man,
Dennis Gabor,1971,United Kingdom,"Hungary, United Kingdom",Physics,Man, born in Hungary
Derek Harold Richard Barton,1969,United Kingdom,United Kingdom,Chemistry,Man,
Derek Walcott,1992,Saint Lucia,Saint Lucia,Literature,Man,
Desmond Tutu,1984,South Africa,South Africa,Peace,Man,
Dickinson W. Richards,1956,United States,United States,Physiology or Medicine,Man,
Didier Queloz,2019,Switzerland,Switzerland,Physics,Man,
Dominique Pire,1958,Belgium,Belgium,Peace,Man,
Donald A. Glaser,1960,United States,United States,Physics,Man,
Donald J. Cram,1987,United States,United States,Chemistry,Man,
Donna Strickland,2018,Canada,Canada,Physics,Woman,
Doris Lessing,2007,Iran,Iran,Literature,Woman,"Born in Iran, worked in the UK"
Doris Lessing,2007,United Kingdom,"Iran, United Kingdom",Literature,Woman,"Born in Iran, worked in the UK"
Dorothy Hodgkin,1964,United Kingdom,United Kingdom,Chemistry,Woman,
Douglas D. Osheroff,1996,United States,United States,Physics,Man,
Douglass C. North,1993,United States,United States,Economics,Man,
Dudley R. Herschbach,1986,United States,United States,Chemistry,Man,
E. Donnall Thomas,1990,United States,United States,Physiology or Medicine,Man,
E. M. Purcell,1952,United States,United States,Physics,Man,
Earl W. Sutherland Jr.,1971,United States,United States,Physiology or Medicine,Man,
Edgar Adrian,1932,United Kingdom,United Kingdom,Physiology or Medicine,Man, 1st Baron Adrian
Edmond H. Fischer,1992,United States,United States,Physiology or Medicine,Man, born in China
Edmond H. Fischer,1992,Switzerland,"United States, Switzerland",Physiology or Medicine,Man,
Edmund S. Phelps,2006,United States,United States,Economics,Man,
Eduard Buchner,1907,Germany,Germany,Chemistry,Man,
Edvard Moser,2014,Norway,Norway,Physiology or Medicine,Man,
Edward A. Doisy,1943,United States,United States,Physiology or Medicine,Man,
Edward B. Lewis,1995,United States,United States,Physiology or Medicine,Man,
Edward C. Kendall,1950,United States,United States,Physiology or Medicine,Man,
Edward C. Prescott,2004,United States,United States,Economics,Man,
Edward Tatum,1958,United States,United States,Physiology or Medicine,Man,
Edward Victor Appleton,1947,United Kingdom,United Kingdom,Physics,Man,
Edwin G. Krebs,1992,United States,United States,Physiology or Medicine,Man,
Edwin M. McMillan,1951,United States,United States,Chemistry,Man,
Ei-ichi Negishi,2010,Japan,Japan,Chemistry,Man, Born in China
Ei-ichi Negishi,2010,United States,"Japan, United States",Chemistry,Man, Japanese citizenship
Eisaku Satō,1974,Japan,Japan,Peace,Man,
Elfriede Jelinek,2004,Austria,Austria,Literature,Woman,
Elias Canetti,1981,Bulgaria,Bulgaria,Literature,Man,
Elias Canetti,1981,United Kingdom,"Bulgaria, United Kingdom",Literature,Man, born in Bulgaria
Elias James Corey,1990,United States,United States,Chemistry,Man,
Élie Ducommun,1902,Switzerland,Switzerland,Peace,Man,
Élie Metchnikoff,1908,Russia and Soviet Union,Russia and Soviet Union,Physiology or Medicine,Man, born in now Ukraine
Elie Wiesel,1986,Romania,Romania,Peace,Man,
Elie Wiesel,1986,United States,"Romania, United States",Peace,Man, born in Romania
Elihu Root,1912,United States,United States,Peace,Man,
Elinor Ostrom,2009,United States,United States,Economics,Woman,
Elizabeth Blackburn,2009,Australia,Australia,Physiology or Medicine,Woman,"Born in Australia, worked in the US"
Elizabeth Blackburn,2009,United States,"Australia, United States",Physiology or Medicine,Woman,"Born in Australia, worked in the US"
Ellen Johnson Sirleaf,2011,Liberia,Liberia,Peace,Woman,
Emil Adolf von Behring,1901,Germany,Germany,Physiology or Medicine,Man,
Emilio Segrè,1959,Italy,Italy,Physics,Man,
Emilio Segrè,1959,United States,"Italy, United States",Physics,Man, born in Italy
Emily Greene Balch,1946,United States,United States,Peace,Woman,
Enrico Fermi,1938,Italy,Italy,Physics,Man,
Eric A. Cornell,2001,United States,United States,Physics,Man,
Eric Betzig,2014,United States,United States,Chemistry,Man,
Eric F. Wieschaus,1995,United States,United States,Physiology or Medicine,Man,
Eric Kandel,2000,Austria,Austria,Physiology or Medicine,Man,
Eric Kandel,2000,United States,"Austria, United States",Physiology or Medicine,Man, born in Austria
Eric S. Maskin,2007,United States,United States,Economics,Man,
Erik Axel Karlfeldt,1931,Sweden,Sweden,Literature,Man,(posthumously)
Ernest Hemingway,1954,United States,United States,Literature,Man,
Ernest Lawrence,1939,United States,United States,Physics,Man,
Ernest Rutherford,1908,New Zealand,New Zealand,Chemistry,Man,
Ernest Rutherford,1908,United Kingdom,"New Zealand, United Kingdom",Chemistry,Man, born in New Zealand
Ernest Rutherford,1908,Canada,"New Zealand, United Kingdom, Canada",Chemistry,Man, born in New Zealand
Ernest Walton,1951,Ireland,Ireland,Physics,Man,
Ernesto Teodoro Moneta,1907,Italy,Italy,Peace,Man,
Ernst Boris Chain,1945,Germany,Germany,Physiology or Medicine,Man,
Ernst Boris Chain,1945,United Kingdom,"Germany, United Kingdom",Physiology or Medicine,Man, born in Germany
Ernst Otto Fischer,1973,Germany,Germany,Chemistry,Man,
Ernst Ruska,1986,Germany,Germany,Physics,Man,
Erwin Neher,1991,Germany,Germany,Physiology or Medicine,Man,
Erwin Schrödinger,1933,Austria,Austria,Physics,Man,
Esther Duflo,2019,France,France,Economics,Woman,"Born in France, worked in the US"
Esther Duflo,2019,United States,"France, United States",Economics,Woman,"Born in France, worked in the US"
Eugene F. Fama,2013,United States,United States,Economics,Man,
Eugene O'Neill,1936,United States,United States,Literature,Man,
Eugene Wigner,1963,Hungary,Hungary,Physics,Man,
Eugene Wigner,1963,United States,"Hungary, United States",Physics,Man, born in Hungary
Eugenio Montale,1975,Italy,Italy,Literature,Man,
Eyvind Johnson,1974,Sweden,Sweden,Literature,Man,
F. Duncan M. Haldane,2016,United Kingdom,United Kingdom,Physics,Man,
F. Duncan M. Haldane,2016,United States,"United Kingdom, United States",Physics,Man, born in United Kingdom
F. Sherwood Rowland,1995,United States,United States,Chemistry,Man,
F. W. de Klerk,1993,South Africa,South Africa,Peace,Man,
Felix Bloch,1952,Switzerland,Switzerland,Physics,Man,
Felix Bloch,1952,United States,"Switzerland, United States",Physics,Man, born in Switzerland
Feodor Felix Konrad Lynen,1964,Germany,Germany,Physiology or Medicine,Man,
Ferdinand Buisson,1927,France,France,Peace,Man,
Ferid Murad,1998,United States,United States,Physiology or Medicine,Man,
Finn E. Kydland,2004,Norway,Norway,Economics,Man,
Frances H. Arnold,2018,United States,United States,Chemistry,Woman,
Francis Crick,1962,United Kingdom,United Kingdom,Physiology or Medicine,Man,
Francis Peyton Rous,1966,United States,United States,Physiology or Medicine,Man,
Francis William Aston,1922,United Kingdom,United Kingdom,Chemistry,Man,
Franco Modigliani,1985,Italy,Italy,Economics,Man,
Franco Modigliani,1985,United States,"Italy, United States",Economics,Man, born in Italy
François Englert,2013,Belgium,Belgium,Physics,Man,
François Jacob,1965,France,France,Physiology or Medicine,Man,
François Mauriac,1952,France,France,Literature,Man,
Françoise Barré-Sinoussi,2008,France,France,Physiology or Medicine,Woman,
Frank B. Kellogg,1929,United States,United States,Peace,Man,
Frank Wilczek,2004,United States,United States,Physics,Man,
Frans Eemil Sillanpää,1939,Finland,Finland,Literature,Man," born in the Grand Duchy of Finland,  a part of the Russian Empire in 1809–1917"
Fraser Stoddart,2016,United Kingdom,United Kingdom,Chemistry,Man,
Fraser Stoddart,2016,United States,"United Kingdom, United States",Chemistry,Man, born in United Kingdom
Frédéric Joliot-Curie,1935,France,France,Chemistry,Man,
Frédéric Mistral,1904,France,France,Literature,Man,
Frédéric Passy,1901,France,France,Peace,Man,
Frederick C. Robbins,1954,United States,United States,Physiology or Medicine,Man,
Frederick G. Banting,1923,Canada,Canada,Physiology or Medicine,Man,
Frederick Hopkins,1929,United Kingdom,United Kingdom,Physiology or Medicine,Man,
Frederick Reines,1995,United States,United States,Physics,Man,
Frederick Sanger,1958,United Kingdom,United Kingdom,Chemistry,Man,
Frederick Sanger,1980,United Kingdom,United Kingdom,Chemistry,Man,
Frederick Soddy,1921,United Kingdom,United Kingdom,Chemistry,Man,
Fredrik Bajer,1908,Denmark,Denmark,Peace,Man,
Friderik Pregl,1923,Slovenia,Slovenia,Chemistry,Man," born in Austria-Hungary,  now Slovenia"
Fridtjof Nansen,1922,Norway,Norway,Peace,Man,
Friedrich Bergius,1931,Germany,Germany,Chemistry,Man,
Friedrich Hayek,1974,Austria,Austria,Economics,Man,
Friedrich Hayek,1974,United Kingdom,"Austria, United Kingdom",Economics,Man, born in Austria
Friends Service Council,1947,United Kingdom,United Kingdom,Peace,Organization,
Frits Zernike,1953,Netherlands,Netherlands,Physics,Man,
Fritz Albert Lipmann,1953,Germany,Germany,Physiology or Medicine,Man,
Fritz Albert Lipmann,1953,United States,"Germany, United States",Physiology or Medicine,Man," born in then Germany,  now Russia"
Fritz Haber,1918,Germany,Germany,Chemistry,Man,
Fritz Pregl,1923,Austria,Austria,Chemistry,Man," born in Austria-Hungary,  now Slovenia"
Gabriel García Márquez,1982,Colombia,Colombia,Literature,Man,
Gabriel Lippmann,1908,France,France,Physics,Man, born in Luxembourg
Gabriel Lippmann,1908,Luxembourg,"France, Luxembourg",Physics,Man,
Gabriela Mistral,1945,Chile,Chile,Literature,Woman,
Gao Xingjian,2000,"China, People's Republic of","China, People's Republic of",Literature,Man,
Gao Xingjian,2000,France,"China, People's Republic of, France",Literature,Man, born in China
Gary S. Becker,1992,United States,United States,Economics,Man,
Geoffrey Wilkinson,1973,United Kingdom,United Kingdom,Chemistry,Man,
Georg von Békésy,1961,Hungary,Hungary,Physiology or Medicine,Man,
Georg von Békésy,1961,United States,"Hungary, United States",Physiology or Medicine,Man, born in Hungary
Georg Wittig,1979,Germany,Germany,Chemistry,Man,
George A. Akerlof,2001,United States,United States,Economics,Man,
George Andrew Olah,1994,Hungary,Hungary,Chemistry,Man,
George Andrew Olah,1994,United States,"Hungary, United States",Chemistry,Man, born in Hungary
George Beadle,1958,United States,United States,Physiology or Medicine,Man,
George Bernard Shaw,1925,Ireland,Ireland,Literature,Man,
George Bernard Shaw,1925,United Kingdom,"Ireland, United Kingdom",Literature,Man, born in Ireland
George C. Marshall,1953,United States,United States,Peace,Man,
George D. Snell,1980,United States,United States,Physiology or Medicine,Man,
George de Hevesy,1943,Hungary,Hungary,Chemistry,Man,
George E. Palade,1974,Romania,Romania,Physiology or Medicine,Man,
George E. Palade,1974,United States,"Romania, United States",Physiology or Medicine,Man, born in Romania
George E. Smith,2009,United States,United States,Physics,Man,
George F. Smoot,2006,United States,United States,Physics,Man,
George H. Hitchings,1988,United States,United States,Physiology or Medicine,Man,
George H. Whipple,1934,United States,United States,Physiology or Medicine,Man,
George J. Stigler,1982,United States,United States,Economics,Man,
George P. Smith,2018,United States,United States,Chemistry,Man,
George Paget Thomson,1937,United Kingdom,United Kingdom,Physics,Man,
George Porter,1967,United Kingdom,United Kingdom,Chemistry,Man,
George R. Minot,1934,United States,United States,Physiology or Medicine,Man,
George Wald,1967,United States,United States,Physiology or Medicine,Man,
Georges Charpak,1992,France,France,Physics,Man," born in then Poland (Second Polish Republic),  now Ukraine"
Georges Charpak,1992,Poland,"France, Poland",Physics,Man, born in Dąbrowica Poland (now in Ukraine)
Georges Charpak,1992,Ukraine,"France, Poland, Ukraine",Physics,Man,
Georges J. F. Köhler,1984,Switzerland,Switzerland,Physiology or Medicine,Man, born in Germany (worked in Switzerland for 1976 to 1984)
Georges J. F. Köhler,1984,Germany,"Switzerland, Germany",Physiology or Medicine,Man,
Gerald Edelman,1972,United States,United States,Physiology or Medicine,Man,
Gérard Debreu,1983,France,France,Economics,Man,
Gérard Debreu,1983,United States,"France, United States",Economics,Man, born in France
Gérard Mourou,2018,France,France,Physics,Man,
Gerard 't Hooft,1999,Netherlands,Netherlands,Physics,Man,
Gerd Binnig,1986,Germany,Germany,Physics,Man,
Gerhard Domagk,1939,Germany,Germany,Physiology or Medicine,Man,
Gerhard Ertl,2007,Germany,Germany,Chemistry,Man,
Gerhard Herzberg,1971,Canada,Canada,Chemistry,Man, born in Germany
Gerhard Herzberg,1971,Germany,"Canada, Germany",Chemistry,Man,
Gerhart Hauptmann,1912,Germany,Germany,Literature,Man," born in Prussia,  now Poland"
Gertrude B. Elion,1988,United States,United States,Physiology or Medicine,Woman,
Gerty Cori,1947,Czech Republic,Czech Republic,Physiology or Medicine,Woman,"Born in the Austrian Empire (now Czech Republic), worked in the US"
Gerty Cori,1947,United States,"Czech Republic, United States",Physiology or Medicine,Woman,"Born in the Austrian Empire (now Czech Republic), worked in the US"
Giorgos Seferis,1963,Greece,Greece,Literature,Man,
Giosuè Carducci,1906,Italy,Italy,Literature,Man,
Giulio Natta,1963,Italy,Italy,Chemistry,Man,
Glenn Theodore Seaborg,1951,United States,United States,Chemistry,Man,
Godfrey Hounsfield,1979,United Kingdom,United Kingdom,Physiology or Medicine,Man,
Grameen Bank,2006,Bangladesh,Bangladesh,Peace,Organization,
Grazia Deledda,1926,Italy,Italy,Literature,Woman,
Greg Winter,2018,United Kingdom,United Kingdom,Chemistry,Man,
Gregg L. Semenza,2019,United States,United States,Physiology or Medicine,Man,
Guglielmo Marconi,1909,Italy,Italy,Physics,Man,
Gunnar Myrdal,1974,Sweden,Sweden,Economics,Man,
Günter Blobel,1999,Germany,Germany,Physiology or Medicine,Man,
Günter Blobel,1999,United States,"Germany, United States",Physiology or Medicine,Man," born in then Germany,  now Poland"
Günter Grass,1999,Germany,Germany,Literature,Man," born in Free City of Danzig,  now Poland"
Gustaf Dalén,1912,Sweden,Sweden,Physics,Man,
Gustav Ludwig Hertz,1925,Germany,Germany,Physics,Man,
Gustav Stresemann,1926,Germany,Germany,Peace,Man,
H. David Politzer,2004,United States,United States,Physics,Man,
H. Robert Horvitz,2002,United States,United States,Physiology or Medicine,Man,
Haldan Keffer Hartline,1967,United States,United States,Physiology or Medicine,Man,
Halldór Laxness,1955,Iceland,Iceland,Literature,Man,
Hamilton O. Smith,1978,United States,United States,Physiology or Medicine,Man,
Hannes Alfvén,1970,Sweden,Sweden,Physics,Man,
Hans Adolf Krebs,1953,Germany,Germany,Physiology or Medicine,Man,
Hans Adolf Krebs,1953,United Kingdom,"Germany, United Kingdom",Physiology or Medicine,Man, born in Germany
Hans Bethe,1967,Germany,Germany,Physics,Man,
Hans Bethe,1967,United States,"Germany, United States",Physics,Man," born in then Germany,  now France"
Hans Fischer,1930,Germany,Germany,Chemistry,Man,
Hans G. Dehmelt,1989,Germany,Germany,Physics,Man,
Hans G. Dehmelt,1989,United States,"Germany, United States",Physics,Man, born in Germany
Hans Spemann,1935,Germany,Germany,Physiology or Medicine,Man,
Hans von Euler-Chelpin,1929,Germany,Germany,Chemistry,Man,
Hans von Euler-Chelpin,1929,Sweden,"Germany, Sweden",Chemistry,Man, born in Germany
Har Gobind Khorana,1968,India,India,Physiology or Medicine,Man,
Har Gobind Khorana,1968,United States,"India, United States",Physiology or Medicine,Man, born in India
Harald zur Hausen,2008,Germany,Germany,Physiology or Medicine,Man,
Harold C. Urey,1934,United States,United States,Chemistry,Man,
Harold E. Varmus,1989,United States,United States,Physiology or Medicine,Man,
Harold Kroto,1996,United Kingdom,United Kingdom,Chemistry,Man,
Harold Pinter,2005,United Kingdom,United Kingdom,Literature,Man,
Harry M. Markowitz,1990,United States,United States,Economics,Man,
Harry Martinson,1974,Sweden,Sweden,Literature,Man,
Hartmut Michel,1988,Germany,Germany,Chemistry,Man,
Heike Kamerlingh Onnes,1913,Netherlands,Netherlands,Physics,Man,
Heinrich Böll,1972,Germany,Germany,Literature,Man,
Heinrich Otto Wieland,1927,Germany,Germany,Chemistry,Man,
Heinrich Rohrer,1986,Switzerland,Switzerland,Physics,Man,
Hendrik Lorentz,1902,Netherlands,Netherlands,Physics,Man,
Henri Bergson,1927,France,France,Literature,Man,
Henri La Fontaine,1913,Belgium,Belgium,Peace,Man,
Henri Moissan,1906,France,France,Chemistry,Man,
Henrik Dam,1943,Denmark,Denmark,Physiology or Medicine,Man,
Henrik Pontoppidan,1917,Denmark,Denmark,Literature,Man,
Henry Dunant,1901,Switzerland,Switzerland,Peace,Man,
Henry Hallett Dale,1936,United Kingdom,United Kingdom,Physiology or Medicine,Man,
Henry Kissinger,1973,United States,United States,Peace,Man, born in Germany
Henry Kissinger,1978,Germany,Germany,Peace,Man,
Henry Taube,1983,Canada,Canada,Chemistry,Man,
Henry Taube,1983,United States,"Canada, United States",Chemistry,Man, born in Canada
Henry W. Kendall,1990,United States,United States,Physics,Man,
Henryk Sienkiewicz,1905,Poland,Poland,Literature,Man, born in Congress Poland (Russian Empire)
Henryk Sienkiewicz,1905,Russia and Soviet Union,"Poland, Russia and Soviet Union",Literature,Man, born in Congress Poland (Russian Empire)
Herbert A. Hauptman,1985,United States,United States,Chemistry,Man,
Herbert A. Simon,1978,United States,United States,Economics,Man,
Herbert C. Brown,1979,United States,United States,Chemistry,Man, born in the United Kingdom
Herbert Kroemer,2000,Germany,Germany,Physics,Man,
Herbert S. Gasser,1944,United States,United States,Physiology or Medicine,Man,
Hermann Emil Fischer,1902,Germany,Germany,Chemistry,Man,
Hermann Hesse,1946,Germany,Germany,Literature,Man,
Hermann Hesse,1946,Switzerland,"Germany, Switzerland",Literature,Man, born in Germany
Hermann J. Muller,1946,United States,United States,Physiology or Medicine,Man,
Hermann Staudinger,1953,Germany,Germany,Chemistry,Man,
Herta Müller,2009,Germany,Germany,Literature,Woman,"Born in Romania, worked in Germany"
Herta Müller,2009,Romania,"Germany, Romania",Literature,Woman,"Born in Romania, worked in Germany"
Hideki Shirakawa,2000,Japan,Japan,Chemistry,Man,
Hideki Yukawa,1949,Japan,Japan,Physics,Man,
Hiroshi Amano,2014,Japan,Japan,Physics,Man,
Hjalmar Branting,1921,Sweden,Sweden,Peace,Man,
Horst L. Störmer,1998,Germany,Germany,Physics,Man,
Horst Ludwig Störmer,1998,United States,United States,Physics,Man, born in Germany
Howard Florey,1945,Australia,Australia,Physiology or Medicine,Man,
Howard Martin Temin,1975,United States,United States,Physiology or Medicine,Man,
Hugo Theorell,1955,Sweden,Sweden,Physiology or Medicine,Man,
Igor Tamm,1958,Russia and Soviet Union,Russia and Soviet Union,Physics,Man,
Ilya Ilyich Mechnikov,1908,Ukraine,Ukraine,Physiology or Medicine,Man,
Ilya Mikhailovich Frank,1958,Russia and Soviet Union,Russia and Soviet Union,Physics,Man,
Ilya Prigogine,1977,Belgium,Belgium,Chemistry,Man, born in Russia
Ilya Prigogine,1977,Russia and Soviet Union,"Belgium, Russia and Soviet Union",Chemistry,Man,
Imre Kertész,2002,Hungary,Hungary,Literature,Man,
Institut de Droit International,1904,Belgium,Belgium,Peace,Organization,
International Atomic Energy Agency,2005,Austria,Austria,Peace,Organization,
Irène Joliot-Curie,1935,France,France,Chemistry,Woman,
Irving Langmuir,1932,United States,United States,Chemistry,Man,
Irwin Rose,2004,United States,United States,Chemistry,Man,
Isaac Bashevis Singer,1978,Poland,Poland,Literature,Man, born in Congress Poland (Russian Empire)
Isaac Bashevis Singer,1978,United States,"Poland, United States",Literature,Man," born in then Russian Empire,  now Poland"
Isamu Akasaki,2014,Japan,Japan,Physics,Man,
Isidor Isaac Rabi,1944,Poland,Poland,Physics,Man," born in Rymanów,  Austria-Hungary (now in Poland)"
Isidor Isaac Rabi,1944,United States,"Poland, United States",Physics,Man, born in Austria
Ivan Bunin,1933,France,France,Literature,Man, born in Russia
Ivan Bunin,1933,Russia and Soviet Union,"France, Russia and Soviet Union",Literature,Man,
Ivan Pavlov,1904,Russia and Soviet Union,Russia and Soviet Union,Physiology or Medicine,Man,
Ivar Giaever,1973,Norway,Norway,Physics,Man,
Ivar Giaever,1973,United States,"Norway, United States",Physics,Man, Norway
Ivo Andrić,1961,Bosnia and Herzegovina,Bosnia and Herzegovina,Literature,Man," Ethnic Croat and national born in Condominium of Bosnia and Herzegovina,  Austro-Hungarian Empire (now Bosnia and Herzegovina)"
J. Georg Bednorz,1987,Germany,Germany,Physics,Man,
J. Hans D. Jensen,1963,Germany,Germany,Physics,Man,
J. J. Thomson,1906,United Kingdom,United Kingdom,Physics,Man,
J. M. Coetzee,2003,South Africa,South Africa,Literature,Man,
J. M. G. Le Clézio,2008,France,France,Literature,Man,
J. Michael Bishop,1989,United States,United States,Physiology or Medicine,Man,
J. Robin Warren,2005,Australia,Australia,Physiology or Medicine,Man,
Jacinto Benavente,1922,Spain,Spain,Literature,Man,
Jack Kilby,2000,United States,United States,Physics,Man,
Jack Steinberger,1988,Germany,Germany,Physics,Man,
Jack Steinberger,1988,United States,"Germany, United States",Physics,Man, born in Germany
Jack W. Szostak,2009,Canada,Canada,Physiology or Medicine,Man, born in the United Kingdom
Jack W. Szostak,2009,United States,"Canada, United States",Physiology or Medicine,Man, born in United Kingdom
Jacobus Henricus van 't Hoff,1901,Netherlands,Netherlands,Chemistry,Man,
Jacques Dubochet,2017,Switzerland,Switzerland,Chemistry,Man,
Jacques Monod,1965,France,France,Physiology or Medicine,Man,
James A. Mirrlees,1996,United Kingdom,United Kingdom,Economics,Man,
James Allison,2018,United States,United States,Physiology or Medicine,Man,
James B. Sumner,1946,United States,United States,Chemistry,Man,
James Chadwick,1935,United Kingdom,United Kingdom,Physics,Man,
James Cronin,1980,United States,United States,Physics,Man,
James D. Watson,1962,United States,United States,Physiology or Medicine,Man,
James Franck,1925,Germany,Germany,Physics,Man,
James J. Heckman,2000,United States,United States,Economics,Man,
James M. Buchanan,1986,United States,United States,Economics,Man,
James Meade,1977,United Kingdom,United Kingdom,Economics,Man,
James Rainwater,1975,United States,United States,Physics,Man,
James Rothman,2013,United States,United States,Physiology or Medicine,Man,
James Tobin,1981,United States,United States,Economics,Man,
James W. Black,1988,United Kingdom,United Kingdom,Physiology or Medicine,Man,
Jan Tinbergen,1969,Netherlands,Netherlands,Economics,Man,
Jane Addams,1931,United States,United States,Peace,Woman,
Jaroslav Heyrovský,1959,Czech Republic,Czech Republic,Chemistry,Man," born in Prague,  Austria-Hungary,  now Czech Republic"
Jaroslav Seifert,1984,Czech Republic,Czech Republic,Literature,Man," born in Prague,  Austria-Hungary,  now Czech Republic"
Jean Baptiste Perrin,1926,France,France,Physics,Man,
Jean Dausset,1980,France,France,Physiology or Medicine,Man,
Jean Tirole,2014,France,France,Economics,Man,
Jean-Marie Lehn,1987,France,France,Chemistry,Man,
Jean-Paul Sartre,1964,France,France,Literature,Man,(declined the prize)
Jean-Pierre Sauvage,2016,France,France,Chemistry,Man,
Jeffrey C. Hall,2017,United States,United States,Physiology or Medicine,Man,
Jens Christian Skou,1997,Denmark,Denmark,Chemistry,Man,
Jerome I. Friedman,1990,United States,United States,Physics,Man,
Jerome Karle,1985,United States,United States,Chemistry,Man,
Jim Peebles,2019,Canada,Canada,Physics,Man,
Jim Peebles,2019,United States,"Canada, United States",Physics,Man, born in Canada
Jimmy Carter,2002,United States,United States,Peace,Man,
Joachim Frank,2017,Germany,Germany,Chemistry,Man,
Joachim Frank,2017,United States,"Germany, United States",Chemistry,Man, born in Germany
Jody Williams,1997,United States,United States,Peace,Woman,
Johann Deisenhofer,1988,Germany,Germany,Chemistry,Man,
Johannes Diderik van der Waals,1910,Netherlands,Netherlands,Physics,Man,
Johannes Fibiger,1926,Denmark,Denmark,Physiology or Medicine,Man,
Johannes Stark,1919,Germany,Germany,Physics,Man,
Johannes V. Jensen,1944,Denmark,Denmark,Literature,Man,
John B. Goodenough,2019,United States,United States,Chemistry,Man, born in Germany
John B. Gurdon,2012,United Kingdom,United Kingdom,Physiology or Medicine,Man,
John Bardeen,1956,United States,United States,Physics,Man,
John Bardeen,1972,United States,United States,Physics,Man,
John Bennett Fenn,2002,United States,United States,Chemistry,Man,
John Boyd Orr,1949,United Kingdom,United Kingdom,Peace,Man,
John C. Mather,2006,United States,United States,Physics,Man,
John Carew Eccles,1963,Australia,Australia,Physiology or Medicine,Man,
John Cockcroft,1951,United Kingdom,United Kingdom,Physics,Man,
John Cornforth,1975,Australia,Australia,Chemistry,Man,
John Cornforth,1975,United Kingdom,"Australia, United Kingdom",Chemistry,Man, born in Australia
John E. Sulston,2002,United Kingdom,United Kingdom,Physiology or Medicine,Man,
John E. Walker,1997,United Kingdom,United Kingdom,Chemistry,Man,
John F. Enders,1954,United States,United States,Physiology or Medicine,Man,
John Forbes Nash,1994,United States,United States,Economics,Man,
John Galsworthy,1932,United Kingdom,United Kingdom,Literature,Man,
John H. Northrop,1946,United States,United States,Chemistry,Man,
John H. van Vleck,1977,United States,United States,Physics,Man,
John Harsanyi,1994,Hungary,Hungary,Economics,Man,
John Harsanyi,1994,United States,"Hungary, United States",Economics,Man, born in Hungary
John Hicks,1972,United Kingdom,United Kingdom,Economics,Man,
John Hume,1998,Ireland,Ireland,Peace,Man,
John James Rickard Macleod,1923,Canada,Canada,Physiology or Medicine,Man, born in the United Kingdom of Great Britain and Ireland
John James Rickard Macleod,1923,United Kingdom,"Canada, United Kingdom",Physiology or Medicine,Man,
John Kendrew,1962,United Kingdom,United Kingdom,Chemistry,Man,
John L. Hall,2005,United States,United States,Physics,Man,
John M. Kosterlitz,2016,United Kingdom,United Kingdom,Physics,Man,
John M. Kosterlitz,2016,United States,"United Kingdom, United States",Physics,Man, born in United Kingdom
John O'Keefe,2014,United Kingdom,United Kingdom,Physiology or Medicine,Man, born in the United States
John O'Keefe,2014,United States,"United Kingdom, United States",Physiology or Medicine,Man,
John Polanyi,1986,Canada,Canada,Chemistry,Man, born in Germany
John Polanyi,1986,Germany,"Canada, Germany",Chemistry,Man,
John Polanyi,1986,Hungary,"Canada, Germany, Hungary",Chemistry,Man, born in Germany
John Pople,1998,United Kingdom,United Kingdom,Chemistry,Man,
John R. Mott,1946,United States,United States,Peace,Man,
John Robert Vane,1982,United Kingdom,United Kingdom,Physiology or Medicine,Man,
John Steinbeck,1962,United States,United States,Literature,Man,
John Strutt,1904,United Kingdom,United Kingdom,Physics,Man, 3rd Baron Rayleigh
José de Sousa Saramago,1998,Portugal,Portugal,Literature,Man,
José Echegaray,1904,Spain,Spain,Literature,Man,
José Ramos-Horta,1996,East Timor,East Timor,Peace,Man,
José Ramos-Horta,1996,Portugal,"East Timor, Portugal",Peace,Man," born in then Portuguese Timor,  now East Timor"
Joseph Brodsky,1987,Russia and Soviet Union,Russia and Soviet Union,Literature,Man, born in Russia
Joseph Brodsky,1987,United States,"Russia and Soviet Union, United States",Literature,Man, born in Russia
Joseph E. Murray,1990,United States,United States,Physiology or Medicine,Man,
Joseph E. Stiglitz,2001,United States,United States,Economics,Man,
Joseph Erlanger,1944,United States,United States,Physiology or Medicine,Man,
Joseph H. Taylor Jr.,1993,United States,United States,Physics,Man,
Joseph L. Goldstein,1985,United States,United States,Physiology or Medicine,Man,
Joseph Rotblat,1995,Poland,Poland,Peace,Man, born in Congress Poland (Russian Empire)
Joseph Rotblat,1995,United Kingdom,"Poland, United Kingdom",Peace,Man," born in then Russian Empire,  now Poland"
Joshua Lederberg,1958,United States,United States,Physiology or Medicine,Man,
Juan Manuel Santos Calderón,2016,Colombia,Colombia,Peace,Man,
Juan Ramón Jiménez,1956,Spain,Spain,Literature,Man,
Jules A. Hoffmann,2011,France,France,Physiology or Medicine,Man, born in Luxembourg
Jules A. Hoffmann,2011,Luxembourg,"France, Luxembourg",Physiology or Medicine,Man,
Jules Bordet,1919,Belgium,Belgium,Physiology or Medicine,Man,
Julian Schwinger,1965,United States,United States,Physics,Man,
Julius Axelrod,1970,United States,United States,Physiology or Medicine,Man,
Julius Wagner-Jauregg,1927,Austria,Austria,Physiology or Medicine,Man,
K. Barry Sharpless,2001,United States,United States,Chemistry,Man,
Kai Siegbahn,1981,Sweden,Sweden,Physics,Man,
Kailash Satyarthi,2014,India,India,Peace,Man,
Karl Adolph Gjellerup,1917,Denmark,Denmark,Literature,Man,
Karl Alexander Müller,1987,Switzerland,Switzerland,Physics,Man,
Karl Ferdinand Braun,1909,Germany,Germany,Physics,Man,
Karl Landsteiner,1930,Austria,Austria,Physiology or Medicine,Man,
Karl Manne Siegbahn,1924,Sweden,Sweden,Physics,Man,
Karl von Frisch,1973,Austria,Austria,Physiology or Medicine,Man,
Karl von Frisch,1973,Germany,"Austria, Germany",Physiology or Medicine,Man," born in Austria-Hungary,  now Austria"
Karl Ziegler,1963,Germany,Germany,Chemistry,Man,
Kary B. Mullis,1993,United States,United States,Chemistry,Man,
Kazuo Ishiguro,2017,Japan,Japan,Literature,Man,
Kazuo Ishiguro,2017,United Kingdom,"Japan, United Kingdom",Literature,Man, born in Japan
Kenichi Fukui,1981,Japan,Japan,Chemistry,Man,
Kenneth G. Wilson,1982,United States,United States,Physics,Man,
Kenneth J. Arrow,1972,United States,United States,Economics,Man,
Kenzaburō Ōe,1994,Japan,Japan,Literature,Man,
Kim Dae-jung,2000,South Korea,South Korea,Peace,Man,
Kip Thorne,2017,United States,United States,Physics,Man,
Klas Pontus Arnoldson,1908,Sweden,Sweden,Peace,Man,
Klaus von Klitzing,1985,Germany,Germany,Physics,Man,
Knut Hamsun,1920,Norway,Norway,Literature,Man,
Kofi Annan,2001,Ghana,Ghana,Peace,Man,
Koichi Tanaka,2002,Japan,Japan,Chemistry,Man,
Konrad Bloch,1964,Germany,Germany,Physiology or Medicine,Man,
Konrad Bloch,1964,United States,"Germany, United States",Physiology or Medicine,Man," born in then Germany,  now Poland"
Konrad Lorenz,1973,Austria,Austria,Physiology or Medicine,Man,
Konstantin Novoselov,2010,Russia and Soviet Union,Russia and Soviet Union,Physics,Man,
Konstantin Novoselov,2010,United Kingdom,"Russia and Soviet Union, United Kingdom",Physics,Man, born in Russia
Kurt Alder,1950,Germany,Germany,Chemistry,Man,
Kurt Wüthrich,2002,Switzerland,Switzerland,Chemistry,Man,
Lars Onsager,1968,Norway,Norway,Chemistry,Man,
Lars Onsager,1968,United States,"Norway, United States",Chemistry,Man, born in Norway
Lars Peter Hansen,2013,United States,United States,Economics,Man,
Lawrence R. Klein,1980,United States,United States,Economics,Man,
Lê Đức Thọ,1973,Vietnam,Vietnam,Peace,Man," born in French Indochina, (declined)"
Lech Wałęsa,1983,Poland,Poland,Peace,Man," born in Popowo,  Reichsgau Danzig-West Prussia,  Germany (today in Poland)"
Leland H. Hartwell,2001,United States,United States,Physiology or Medicine,Man,
Leo Esaki,1973,Japan,Japan,Physics,Man,
Léon Bourgeois,1920,France,France,Peace,Man,
Léon Jouhaux,1951,France,France,Peace,Man,
Leon M. Lederman,1988,United States,United States,Physics,Man,
Leon N. Cooper,1972,United States,United States,Physics,Man,
Leonid Hurwicz,2007,Poland,Poland,Economics,Man, born in then Russian Republic (now Russia)
Leonid Hurwicz,2007,Russia and Soviet Union,"Poland, Russia and Soviet Union",Economics,Man,
Leonid Hurwicz,2007,United States,"Poland, Russia and Soviet Union, United States",Economics,Man, born in Russia
Leonid Kantorovich,1975,Russia and Soviet Union,Russia and Soviet Union,Economics,Man,
Leopold Ružička,1939,Croatia,Croatia,Chemistry,Man," Ethnic Croat and national born in the Kingdom of Croatia-Slavonia,  Austro-Hungarian Empire (now Croatia)"
Leopold Ružička,1939,Switzerland,"Croatia, Switzerland",Chemistry,Man," born in Kingdom of Croatia-Slavonia,  Austria-Hungary,  now Croatia"
Lester B. Pearson,1957,Canada,Canada,Peace,Man,
Lev Landau,1962,Russia and Soviet Union,Russia and Soviet Union,Physics,Man," born in then Russian Empire,  now Azerbaijan,  laureate when citizen of the Soviet Union"
Leymah Gbowee,2011,Liberia,Liberia,Peace,Woman,
Linda B. Buck,2004,United States,United States,Physiology or Medicine,Woman,
Linus C. Pauling,1954,United States,United States,Chemistry,Man,
Linus C. Pauling,1962,United States,United States,Peace,Man,
Liu Xiaobo,2010,"China, People's Republic of","China, People's Republic of",Peace,Man,
Lloyd S. Shapley,2012,United States,United States,Economics,Man,
Louis de Broglie,1929,France,France,Physics,Man,
Louis J. Ignarro,1998,United States,United States,Physiology or Medicine,Man,
Louis Néel,1970,France,France,Physics,Man,
Louis Renault,1907,France,France,Peace,Man,
Luc Montagnier,2008,France,France,Physiology or Medicine,Man,
Ludwig Quidde,1927,Germany,Germany,Peace,Man,
Luigi Pirandello,1934,Italy,Italy,Literature,Man,
Luis Alvarez,1968,United States,United States,Physics,Man,
Luis Federico Leloir,1970,Argentina,Argentina,Chemistry,Man,
Luis Federico Leloir,1970,France,"Argentina, France",Chemistry,Man,
M. Stanley Whittingham,2019,United Kingdom,United Kingdom,Chemistry,Man,
M. Stanley Whittingham,2019,United States,"United Kingdom, United States",Chemistry,Man, born in United Kingdom
Mairead Maguire,1976,Ireland,Ireland,Peace,Woman,"Born in North Ireland, part of the UK"
Mairead Maguire,1976,United Kingdom,"Ireland, United Kingdom",Peace,Woman,"Born in North Ireland, part of the UK"
Makoto Kobayashi,2008,Japan,Japan,Physics,Man,
Malala Yousafzai,2014,Pakistan,Pakistan,Peace,Woman,
Manfred Eigen,1967,Germany,Germany,Chemistry,Man,
Maria Goeppert-Mayer,1963,Germany,Germany,Physics,Woman,"Born in then Germany, worked in the US"
Maria Goeppert-Mayer,1963,United States,"Germany, United States",Physics,Woman,"Born in then Germany, worked in the US"
Marie Skłodowska-Curie,1903,France,France,Physics,Woman,"Born in Congress Poland, worked in France"
Marie Skłodowska-Curie,1903,Poland,"France, Poland",Physics,Woman,"Born in Congress Poland, worked in France"
Marie Skłodowska-Curie,1911,France,France,Chemistry,Woman,"Born in Congress Poland, worked in France"
Marie Skłodowska-Curie,1911,Poland,"France, Poland",Chemistry,Woman,"Born in Congress Poland, worked in France"
Mario J. Molina,1995,United States,United States,Chemistry,Man, born in Mexico
Mario J. Molina,1995,Mexico,"United States, Mexico",Chemistry,Man,
Mario R. Capecchi,2007,Italy,Italy,Physiology or Medicine,Man,
Mario R. Capecchi,2007,United States,"Italy, United States",Physiology or Medicine,Man, born in Italy
Mario Vargas Llosa,2010,Peru,Peru,Literature,Man,
Mario Vargas Llosa,2010,Spain,"Peru, Spain",Literature,Man, born in Peru
Marshall Warren Nirenberg,1968,United States,United States,Physiology or Medicine,Man,
Martin Chalfie,2008,United States,United States,Chemistry,Man,
Martin Karplus,2013,Austria,Austria,Chemistry,Man,
Martin Karplus,2013,United States,"Austria, United States",Chemistry,Man, born in Austria
Martin L. Perl,1995,United States,United States,Physics,Man,
Martin Luther King Jr.,1964,United States,United States,Peace,Man,
Martin Rodbell,1994,United States,United States,Physiology or Medicine,Man,
Martin Ryle,1974,United Kingdom,United Kingdom,Physics,Man,
Martinus J. G. Veltman,1999,Netherlands,Netherlands,Physics,Man,
Martti Ahtisaari,2008,Finland,Finland,Peace,Man,
Masatoshi Koshiba,2002,Japan,Japan,Physics,Man,
Maurice Allais,1988,France,France,Economics,Man,
Maurice Maeterlinck,1911,Belgium,Belgium,Literature,Man,
Maurice Wilkins,1962,New Zealand,New Zealand,Physiology or Medicine,Man,
Maurice Wilkins,1962,United Kingdom,"New Zealand, United Kingdom",Physiology or Medicine,Man, born in New Zealand
Max Born,1954,Germany,Germany,Physics,Man,
Max Born,1954,United Kingdom,"Germany, United Kingdom",Physics,Man," born in then Germany,  now Poland"
Max Delbrück,1969,Germany,Germany,Physiology or Medicine,Man,
Max Delbrück,1969,United States,"Germany, United States",Physiology or Medicine,Man, born in Germany
Max Karl Ernst Ludwig Planck,1918,Germany,Germany,Physics,Man,
Max Perutz,1962,Austria,Austria,Chemistry,Man,
Max Perutz,1962,United Kingdom,"Austria, United Kingdom",Chemistry,Man, born in Austria
Max Theiler,1951,South Africa,South Africa,Physiology or Medicine,Man,
Max von Laue,1914,Germany,Germany,Physics,Man,
May-Britt Moser,2014,Norway,Norway,Physiology or Medicine,Woman,
Médecins Sans Frontières,1999,France,France,Peace,Organization,
Melvin Calvin,1961,United States,United States,Chemistry,Man,
Melvin Schwartz,1988,United States,United States,Physics,Man,
Menachem Begin,1978,Israel,Israel,Peace,Man," born in Russia,  now Belarus"
Menachem Begin,1978,Poland,"Israel, Poland",Peace,Man," as an Israeli citizen,  he also had Polish citizenship"
Menachem Begin,1978,Russia and Soviet Union,"Israel, Poland, Russia and Soviet Union",Peace,Man, as an Israeli citizen
Merton H. Miller,1990,United States,United States,Economics,Man,
Michael Kremer,2019,United States,United States,Economics,Man,
Michael Levitt,2013,Israel,Israel,Chemistry,Man, born in South Africa
Michael Levitt,2013,South Africa,"Israel, South Africa",Chemistry,Man,
Michael Levitt,2013,United Kingdom,"Israel, South Africa, United Kingdom",Chemistry,Man, born in South Africa
Michael Levitt,2013,United States,"Israel, South Africa, United Kingdom, United States",Chemistry,Man, born in South Africa
Michael Rosbash,2017,United States,United States,Physiology or Medicine,Man,
Michael S. Brown,1985,United States,United States,Physiology or Medicine,Man,
Michael Smith,1993,Canada,Canada,Chemistry,Man, born in the United Kingdom
Michael Smith,1993,United Kingdom,"Canada, United Kingdom",Chemistry,Man,
Michael W. Young,2017,United States,United States,Physiology or Medicine,Man,
Michel Mayor,2019,Switzerland,Switzerland,Physics,Man,
Miguel Ángel Asturias,1967,Guatemala,Guatemala,Literature,Man,
Mikhail Gorbachev,1990,Russia and Soviet Union,Russia and Soviet Union,Peace,Man,
Mikhail Sholokhov,1965,Russia and Soviet Union,Russia and Soviet Union,Literature,Man,
Milton Friedman,1976,United States,United States,Economics,Man,
Mo Yan,2012,"China, People's Republic of","China, People's Republic of",Literature,Man,
Mohamed ElBaradei,2005,Egypt,Egypt,Peace,Man,
Mother Teresa,1979,India,India,Peace,Woman,"Born in then Ottoman Empire (now North Macedonia), worked in India"
Mother Teresa,1979,North Macedonia,"India, North Macedonia",Peace,Woman,"Born in then Ottoman Empire (now North Macedonia), worked in India"
Muhammad Yunus,2006,Bangladesh,Bangladesh,Peace,Man,
Murray Gell-Mann,1969,United States,United States,Physics,Man,
Myron Scholes,1997,Canada,Canada,Economics,Man,
Myron Scholes,1997,United States,"Canada, United States",Economics,Man, born in Canada
Nadia Murad,2018,Iraq,Iraq,Peace,Woman,
Nadine Gordimer,1991,South Africa,South Africa,Literature,Woman,
Naguib Mahfouz,1988,Egypt,Egypt,Literature,Man,
Nathan Söderblom,1930,Sweden,Sweden,Peace,Man,
Nelly Sachs,1966,Germany,Germany,Literature,Woman,"Born in Germany, worked in Sweden"
Nelly Sachs,1966,Sweden,"Germany, Sweden",Literature,Woman,"Born in Germany, worked in Sweden"
Nelson Mandela,1993,South Africa,South Africa,Peace,Man,
Nevill Francis Mott,1977,United Kingdom,United Kingdom,Physics,Man,
Nicholas M. Butler,1931,United States,United States,Peace,Man,
Nicolaas Bloembergen,1981,Netherlands,Netherlands,Physics,Man,
Nicolaas Bloembergen,1981,United States,"Netherlands, United States",Physics,Man, born in the Netherlands
Niels Bohr,1922,Denmark,Denmark,Physics,Man,
Niels Kaj Jerne,1984,Denmark,Denmark,Physiology or Medicine,Man, born in United Kingdom
Niels Kaj Jerne,1984,United Kingdom,"Denmark, United Kingdom",Physiology or Medicine,Man,
Niels Ryberg Finsen,1903,Denmark,Denmark,Physiology or Medicine,Man, born in Faroe Islands
Niels Ryberg Finsen,1903,Faroe Islands,"Denmark, Faroe Islands",Physiology or Medicine,Man,
Nikolaas Tinbergen,1973,Netherlands,Netherlands,Physiology or Medicine,Man,
Nikolaas Tinbergen,1973,United Kingdom,"Netherlands, United Kingdom",Physiology or Medicine,Man, born in the Netherlands
Nikolay Basov,1964,Russia and Soviet Union,Russia and Soviet Union,Physics,Man,
Nikolay Semyonov,1956,Russia and Soviet Union,Russia and Soviet Union,Chemistry,Man,
Norman Angell,1933,United Kingdom,United Kingdom,Peace,Man,
Norman Borlaug,1970,United States,United States,Peace,Man,
Norman F. Ramsey,1989,United States,United States,Physics,Man,
Norman Haworth,1937,United Kingdom,United Kingdom,Chemistry,Man,
Octavio Paz Lozano,1990,Mexico,Mexico,Literature,Man,
Odd Hassel,1969,Norway,Norway,Chemistry,Man,
Odysseas Elytis,1979,Greece,Greece,Literature,Man,
Olga Tokarczuk,2018,Poland,Poland,Literature,Woman,
Oliver Eaton Williamson,2009,United States,United States,Economics,Man,
Oliver Hart,2016,United Kingdom,United Kingdom,Economics,Man,
Oliver Hart,2016,United States,"United Kingdom, United States",Economics,Man, born in United Kingdom
Oliver Smithies,2007,United Kingdom,United Kingdom,Physiology or Medicine,Man,
Oliver Smithies,2007,United States,"United Kingdom, United States",Physiology or Medicine,Man, born in United Kingdom
Organisation for the Prohibition of Chemical Weapons,2013,Netherlands,Netherlands,Peace,Organization,
Orhan Pamuk,2006,Turkey,Turkey,Literature,Man,
Osamu Shimomura,2008,Japan,Japan,Chemistry,Man,
Osamu Shimomura,2008,United States,"Japan, United States",Chemistry,Man, Japanese citizenship 
Óscar Arias Sánchez,1987,Costa Rica,Costa Rica,Peace,Man,
Otto Diels,1950,Germany,Germany,Chemistry,Man,
Otto Fritz Meyerhof,1922,Germany,Germany,Physiology or Medicine,Man,
Otto Hahn,1944,Germany,Germany,Chemistry,Man,
Otto Heinrich Warburg,1931,Germany,Germany,Physiology or Medicine,Man,
Otto Loewi,1936,Austria,Austria,Physiology or Medicine,Man, born in Germany
Otto Loewi,1936,Germany,"Austria, Germany",Physiology or Medicine,Man,
Otto Stern,1943,Germany,Germany,Physics,Man,
Otto Stern,1943,United States,"Germany, United States",Physics,Man," born in then Germany,  now Poland"
Otto Wallach,1910,Germany,Germany,Chemistry,Man,
Owen Chamberlain,1959,United States,United States,Physics,Man,
Owen Willans Richardson,1928,United Kingdom,United Kingdom,Physics,Man,
Pablo Neruda,1971,Chile,Chile,Literature,Man,
Pär Lagerkvist,1951,Sweden,Sweden,Literature,Man,
Patrick Blackett,1948,United Kingdom,United Kingdom,Physics,Man, Baron Blackett
Patrick Modiano,2014,France,France,Literature,Man,
Patrick White,1973,Australia,Australia,Literature,Man, born in the United Kingdom
Patrick White,1973,United Kingdom,"Australia, United Kingdom",Literature,Man,
Paul A. Samuelson,1970,United States,United States,Economics,Man,
Paul Berg,1980,United States,United States,Chemistry,Man,
Paul C. Lauterbur,2003,United States,United States,Physiology or Medicine,Man,
Paul D. Boyer,1997,United States,United States,Chemistry,Man,
Paul Dirac,1933,United Kingdom,United Kingdom,Physics,Man,
Paul Ehrlich,1908,Germany,Germany,Physiology or Medicine,Man,
Paul Greengard,2000,United States,United States,Physiology or Medicine,Man,
Paul Hermann Müller,1948,Switzerland,Switzerland,Physiology or Medicine,Man,
Paul J. Crutzen,1995,Germany,Germany,Chemistry,Man,
Paul J. Crutzen,1995,Netherlands,"Germany, Netherlands",Chemistry,Man,
Paul J. Flory,1974,United States,United States,Chemistry,Man,
Paul Johann Ludwig Heyse,1910,Germany,Germany,Literature,Man,
Paul Karrer,1937,Switzerland,Switzerland,Chemistry,Man,
Paul Krugman,2008,United States,United States,Economics,Man,
Paul L. Modrich,2015,United States,United States,Chemistry,Man,
Paul Nurse,2001,United Kingdom,United Kingdom,Physiology or Medicine,Man,
Paul Romer,2018,United States,United States,Economics,Man,
Paul Sabatier,1912,France,France,Chemistry,Man,
Paul-Henri-Benjamin d'Estournelles de Constant,1909,France,France,Peace,Man,
Pavel Cherenkov,1958,Russia and Soviet Union,Russia and Soviet Union,Physics,Man,
Pearl S. Buck,1938,United States,United States,Literature,Woman,
Percy W. Bridgman,1946,United States,United States,Physics,Man,
Peter A. Diamond,2010,United States,United States,Economics,Man,
Peter Agre,2003,United States,United States,Chemistry,Man,
Peter C. Doherty,1996,Australia,Australia,Physiology or Medicine,Man,
Peter D. Mitchell,1978,United Kingdom,United Kingdom,Chemistry,Man,
Peter Debye,1936,Netherlands,Netherlands,Chemistry,Man,
Peter Grünberg,2007,Czech Republic,Czech Republic,Physics,Man," born in the Protectorate of Bohemia and Moravia,  now Czech Republic"
Peter Grünberg,2007,Germany,"Czech Republic, Germany",Physics,Man," born in the Protectorate of Bohemia and Moravia,  now the Czech Republic"
Peter Handke,2019,Austria,Austria,Literature,Man,
Peter Higgs,2013,United Kingdom,United Kingdom,Physics,Man,
Peter J. Ratcliffe,2019,United Kingdom,United Kingdom,Physiology or Medicine,Man,
Peter Mansfield,2003,United Kingdom,United Kingdom,Physiology or Medicine,Man,
Peter Medawar,1960,Brazil,Brazil,Physiology or Medicine,Man,
Peter Medawar,1960,United Kingdom,"Brazil, United Kingdom",Physiology or Medicine,Man, born in Brazil
Philip Anderson,1977,United States,United States,Physics,Man,
Philip Noel-Baker,1959,United Kingdom,United Kingdom,Peace,Man,
Philip S. Hench,1950,United States,United States,Physiology or Medicine,Man,
Philipp Lenard,1905,Germany,Germany,Physics,Man," born in Pressburg,  Kingdom of Hungary,  Austrian Empire,  now Slovakia"
Philipp Lenard,1905,Hungary,"Germany, Hungary",Physics,Man,
Phillip A. Sharp,1993,United States,United States,Physiology or Medicine,Man,
Pierre Curie,1903,France,France,Physics,Man,
Pierre-Gilles de Gennes,1991,France,France,Physics,Man,
Pieter Zeeman,1902,Netherlands,Netherlands,Physics,Man,
Polykarp Kusch,1955,Germany,Germany,Physics,Man,
Polykarp Kusch,1955,United States,"Germany, United States",Physics,Man, born in Germany
Pugwash Conferences on Science and World Affairs,1995,Canada,Canada,Peace,Organization,
Pyotr Kapitsa,1978,Russia and Soviet Union,Russia and Soviet Union,Physics,Man,
Rabindranath Tagore,1913,India,India,Literature,Man,
Ragnar Frisch,1969,Norway,Norway,Economics,Man,
Ragnar Granit,1967,Finland,Finland,Physiology or Medicine,Man," born in the Grand Duchy of Finland,  a part of the Russian Empire in 1809–1917"
Ragnar Granit,1967,Sweden,"Finland, Sweden",Physiology or Medicine,Man," born in the Grand Duchy of Finland,  then a part of Russia"
Rainer Weiss,2017,Germany,Germany,Physics,Man,
Rainer Weiss,2017,United States,"Germany, United States",Physics,Man, born in Germany
Ralph J. Bunche,1950,United States,United States,Peace,Man,
Ralph M. Steinman,2011,Canada,Canada,Physiology or Medicine,Man,
Ralph M. Steinman,2011,United States,"Canada, United States",Physiology or Medicine,Man, born in Canada
Randy Schekman,2013,United States,United States,Physiology or Medicine,Man,
Raymond Davis Jr.,2002,United States,United States,Physics,Man,
Reinhard Selten,1994,Germany,Germany,Economics,Man,
Renato Dulbecco,1975,Italy,Italy,Physiology or Medicine,Man,
Renato Dulbecco,1975,United States,"Italy, United States",Physiology or Medicine,Man, born in Italy
René Cassin,1968,France,France,Peace,Man,
Riccardo Giacconi,2002,Italy,Italy,Physics,Man,
Riccardo Giacconi,2002,United States,"Italy, United States",Physics,Man, born in Italy
Richard Adolf Zsigmondy,1925,Austria,Austria,Chemistry,Man,
Richard Adolf Zsigmondy,1925,Hungary,"Austria, Hungary",Chemistry,Man,
Richard Axel,2004,United States,United States,Physiology or Medicine,Man,
Richard E. Smalley,1996,United States,United States,Chemistry,Man,
Richard E. Taylor,1990,Canada,Canada,Physics,Man,
Richard F. Heck,2010,United States,United States,Chemistry,Man,
Richard H. Thaler,2017,United States,United States,Economics,Man,
Richard Henderson,2017,United Kingdom,United Kingdom,Chemistry,Man,
Richard J. Roberts,1993,United Kingdom,United Kingdom,Physiology or Medicine,Man,
Richard Kuhn,1938,Austria,Austria,Chemistry,Man,
Richard Kuhn,1938,Germany,"Austria, Germany",Chemistry,Man," born in Austria-Hungary,  now Austria"
Richard Laurence Millington Synge,1952,United Kingdom,United Kingdom,Chemistry,Man,
Richard P. Feynman,1965,United States,United States,Physics,Man,
Richard R. Ernst,1991,Switzerland,Switzerland,Chemistry,Man,
Richard R. Schrock,2005,United States,United States,Chemistry,Man,
Richard Stone,1984,United Kingdom,United Kingdom,Economics,Man,
Richard Willstätter,1915,Germany,Germany,Chemistry,Man,
Rigoberta Menchú,1992,Guatemala,Guatemala,Peace,Woman,
Rita Levi-Montalcini,1986,Italy,Italy,Physiology or Medicine,Woman,"Born in Italy, worked in the US"
Rita Levi-Montalcini,1986,United States,"Italy, United States",Physiology or Medicine,Woman,"Born in Italy, worked in the US"
Roald Hoffmann,1981,Poland,Poland,Chemistry,Man, born in Złoczów Poland (now in Ukraine)
Roald Hoffmann,1981,Ukraine,"Poland, Ukraine",Chemistry,Man," born in then Poland (Second Polish Republic),  now Ukraine"
Roald Hoffmann,1981,United States,"Poland, Ukraine, United States",Chemistry,Man," born in then Poland,  now Ukraine"
Robert A. Millikan,1923,United States,United States,Physics,Man,
Robert Aumann,2005,Israel,Israel,Economics,Man," born in Germany,  moved to Israel from America"
Robert Aumann,2005,United States,"Israel, United States",Economics,Man, as an Israeli citizen
Robert B. Laughlin,1998,United States,United States,Physics,Man,
Robert B. Woodward,1965,United States,United States,Chemistry,Man,
Róbert Bárány,1914,Austria,Austria,Physiology or Medicine,Man,
Róbert Bárány,1914,Hungary,"Austria, Hungary",Physiology or Medicine,Man, born in Austria
Robert C. Merton,1997,United States,United States,Economics,Man,
Robert C. Richardson,1996,United States,United States,Physics,Man,
Robert Cecil,1937,United Kingdom,United Kingdom,Peace,Man, 1st Viscount Cecil of Chelwood
Robert F. Curl Jr.,1996,United States,United States,Chemistry,Man,
Robert F. Engle,2003,United States,United States,Economics,Man,
Robert F. Furchgott,1998,United States,United States,Physiology or Medicine,Man,
Robert G. Edwards,2010,United Kingdom,United Kingdom,Physiology or Medicine,Man,
Robert H. Grubbs,2005,United States,United States,Chemistry,Man,
Robert Hofstadter,1961,United States,United States,Physics,Man,
Robert Huber,1988,Germany,Germany,Chemistry,Man,
Robert J. Lefkowitz,2012,United States,United States,Chemistry,Man,
Robert J. Shiller,2013,United States,United States,Economics,Man,
Robert Koch,1905,Germany,Germany,Physiology or Medicine,Man,
Robert Lucas Jr.,1995,United States,United States,Economics,Man,
Robert M. Solow,1987,United States,United States,Economics,Man,
Robert Mundell,1999,Canada,Canada,Economics,Man,
Robert Robinson,1947,United Kingdom,United Kingdom,Chemistry,Man,
Robert S. Mulliken,1966,United States,United States,Chemistry,Man,
Robert Schrieffer,1972,United States,United States,Physics,Man,
Robert W. Fogel,1993,United States,United States,Economics,Man,
Robert W. Holley,1968,United States,United States,Physiology or Medicine,Man,
Robert Woodrow Wilson,1978,United States,United States,Physics,Man,
Roderick MacKinnon,2003,United States,United States,Chemistry,Man,
Rodney Robert Porter,1972,United Kingdom,United Kingdom,Physiology or Medicine,Man,
Roger B. Myerson,2007,United States,United States,Economics,Man,
Roger D. Kornberg,2006,United States,United States,Chemistry,Man,
Roger Guillemin,1977,France,France,Physiology or Medicine,Man,
Roger Guillemin,1977,United States,"France, United States",Physiology or Medicine,Man, born in France
Roger Martin du Gard,1937,France,France,Literature,Man,
Roger W. Sperry,1981,United States,United States,Physiology or Medicine,Man,
Roger Yonchien Tsien,2008,United States,United States,Chemistry,Man,
Rolf M. Zinkernagel,1996,Switzerland,Switzerland,Physiology or Medicine,Man,
Rolf Zinkernagel,1996,Australia,Australia,Physiology or Medicine,Man,
Romain Rolland,1915,France,France,Literature,Man,
Ronald Coase,1991,United Kingdom,United Kingdom,Economics,Man, based in the United States
Ronald Coase,1991,United States,"United Kingdom, United States",Economics,Man, born in the United Kingdom
Ronald George Wreyford Norrish,1967,United Kingdom,United Kingdom,Chemistry,Man,
Ronald Ross,1902,India,India,Physiology or Medicine,Man,
Ronald Ross,1902,United Kingdom,"India, United Kingdom",Physiology or Medicine,Man, born in India
Rosalyn Sussman Yalow,1977,United States,United States,Physiology or Medicine,Woman,
Roy J. Glauber,2005,United States,United States,Physics,Man,
Rudolf Christoph Eucken,1908,Germany,Germany,Literature,Man,
Rudolf Mössbauer,1961,Germany,Germany,Physics,Man,
Rudolph A. Marcus,1992,Canada,Canada,Chemistry,Man,
Rudolph A. Marcus,1992,United States,"Canada, United States",Chemistry,Man, born in Canada
Rudyard Kipling,1907,India,India,Literature,Man,
Rudyard Kipling,1907,United Kingdom,"India, United Kingdom",Literature,Man, born in India
Russell A. Hulse,1993,United States,United States,Physics,Man,
Ryōji Noyori,2001,Japan,Japan,Chemistry,Man,
Saint-John Perse,1960,France,France,Literature,Man,
Salvador Luria,1969,Italy,Italy,Physiology or Medicine,Man,
Salvador Luria,1969,United States,"Italy, United States",Physiology or Medicine,Man, born in Italy
Salvatore Quasimodo,1959,Italy,Italy,Literature,Man,
Samuel Beckett,1969,Ireland,Ireland,Literature,Man,
Samuel C. C. Ting,1976,"Taiwan (China, Republic of)","Taiwan (China, Republic of)",Physics,Man,
Samuel C. C. Ting,1976,United States,"Taiwan (China, Republic of), United States",Physics,Man,
Santiago Ramón y Cajal,1906,Spain,Spain,Physiology or Medicine,Man,
Satoshi Ōmura,2015,Japan,Japan,Physiology or Medicine,Man,
Saul Bellow,1976,Canada,Canada,Literature,Man,
Saul Bellow,1976,United States,"Canada, United States",Literature,Man, born in Canada
Saul Perlmutter,2011,United States,United States,Physics,Man,
Séamus Heaney,1995,Ireland,Ireland,Literature,Man,
Seán MacBride,1974,France,France,Peace,Man,
Seán MacBride,1974,Ireland,"France, Ireland",Peace,Man, born in France
Selma Lagerlöf,1909,Sweden,Sweden,Literature,Woman,
Selman A. Waksman,1952,Ukraine,Ukraine,Physiology or Medicine,Man,
Selman A. Waksman,1952,United States,"Ukraine, United States",Physiology or Medicine,Man," born in then Russian Empire,  now Ukraine"
Serge Haroche,2012,France,France,Physics,Man," born in Morocco,  then under French protectorate"
Severo Ochoa,1959,Spain,Spain,Physiology or Medicine,Man,
Severo Ochoa,1959,United States,"Spain, United States",Physiology or Medicine,Man, born in Spain
Sheldon Glashow,1979,United States,United States,Physics,Man,
Shimon Peres,1994,Israel,Israel,Peace,Man," born in Poland,  now Belarus"
Shimon Peres,1994,Poland,"Israel, Poland",Peace,Man, as an Israeli citizen
Shinya Yamanaka,2012,Japan,Japan,Physiology or Medicine,Man,
Shirin Ebadi,2003,Iran,Iran,Peace,Woman,
Shmuel Yosef Agnon,1966,Israel,Israel,Literature,Man," born in Austria-Hungary,  now Ukraine"
Shmuel Yosef Agnon,1966,Ukraine,"Israel, Ukraine",Literature,Man,
Shuji Nakamura,2014,Japan,Japan,Physics,Man,
Shuji Nakamura,2014,United States,"Japan, United States",Physics,Man, born in Japan
Sidney Altman,1989,Canada,Canada,Chemistry,Man,
Sidney Altman,1989,United States,"Canada, United States",Chemistry,Man, born in Canada
Sigrid Undset,1928,Norway,Norway,Literature,Woman,
Simon Kuznets,1971,Russia and Soviet Union,Russia and Soviet Union,Economics,Man, now Belarus
Simon Kuznets,1971,United States,"Russia and Soviet Union, United States",Economics,Man," born in then Russia,  now Belarus"
Simon van der Meer,1984,Netherlands,Netherlands,Physics,Man,
Sinclair Lewis,1930,United States,United States,Literature,Man,
Sin-Itiro Tomonaga,1965,Japan,Japan,Physics,Man,
Sir Frank Macfarlane Burnet,1960,Australia,Australia,Physiology or Medicine,Man,
Sir Martin J. Evans,2007,United Kingdom,United Kingdom,Physiology or Medicine,Man,
Stanford Moore,1972,United States,United States,Chemistry,Man,
Stanley B. Prusiner,1997,United States,United States,Physiology or Medicine,Man,
Stanley Cohen,1986,United States,United States,Physiology or Medicine,Man,
Stefan Hell,2014,Germany,Germany,Chemistry,Man, born in Romania
Stefan Hell,2014,Romania,"Germany, Romania",Chemistry,Man,
Steven Chu,1997,United States,United States,Physics,Man,
Steven Weinberg,1979,United States,United States,Physics,Man,
Subrahmanyan Chandrasekhar,1983,India,India,Physics,Man,
Subrahmanyan Chandrasekhar,1983,United States,"India, United States",Physics,Man, born in India
Sully Prudhomme,1901,France,France,Literature,Man,
Sune Bergström,1982,Sweden,Sweden,Physiology or Medicine,Man,
Susumu Tonegawa,1987,Japan,Japan,Physiology or Medicine,Man,
Svante Arrhenius,1903,Sweden,Sweden,Chemistry,Man,
Svetlana Alexievich,2015,Belarus,Belarus,Literature,Woman,"Born in Ukraine, worked in Belarus"
Svetlana Alexievich,2015,Ukraine,"Belarus, Ukraine",Literature,Woman,"Born in Ukraine, worked in Belarus"
Sydney Brenner,2002,South Africa,South Africa,Physiology or Medicine,Man,
Sydney Brenner,2002,United Kingdom,"South Africa, United Kingdom",Physiology or Medicine,Man, born in South Africa
Sydney Brenner,2002,United States,"South Africa, United Kingdom, United States",Physiology or Medicine,Man, born in South Africa
T. S. Eliot,1948,United Kingdom,United Kingdom,Literature,Man, born in the United States
T. S. Eliot,1948,United States,"United Kingdom, United States",Literature,Man,
Tadeusz Reichstein,1950,Poland,Poland,Physiology or Medicine,Man, born in Congress Poland (Russian Empire)
Tadeusz Reichstein,1950,Switzerland,"Poland, Switzerland",Physiology or Medicine,Man,
Takaaki Kajita,2015,Japan,Japan,Physics,Man,
Tasuku Honjo,2018,Japan,Japan,Physiology or Medicine,Man,
Tawakkol Karman,2011,Yemen,Yemen,Peace,Woman,
Theodor Kocher,1909,Switzerland,Switzerland,Physiology or Medicine,Man,
Theodor Mommsen,1902,Germany,Germany,Literature,Man, born in Duchy of Schleswig
Theodor Svedberg,1926,Sweden,Sweden,Chemistry,Man,
Theodor W. Hänsch,2005,Germany,Germany,Physics,Man,
Theodore Roosevelt,1906,United States,United States,Peace,Man,
Theodore Schultz,1979,United States,United States,Economics,Man,
Theodore W. Richards,1914,United States,United States,Chemistry,Man,
Thomas A. Steitz,2009,United States,United States,Chemistry,Man,
Thomas C. Südhof,2013,Germany,Germany,Physiology or Medicine,Man,
Thomas C. Südhof,2013,United States,"Germany, United States",Physiology or Medicine,Man, born in Germany
Thomas H. Morgan,1933,United States,United States,Physiology or Medicine,Man,
Thomas H. Weller,1954,United States,United States,Physiology or Medicine,Man,
Thomas J. Sargent,2011,United States,United States,Economics,Man,
Thomas Mann,1929,Germany,Germany,Literature,Man,
Thomas R. Cech,1989,United States,United States,Chemistry,Man,
Thomas Schelling,2005,United States,United States,Economics,Man,
Tim Hunt,2001,United Kingdom,United Kingdom,Physiology or Medicine,Man,
Tjalling C. Koopmans,1975,Netherlands,Netherlands,Economics,Man,
Tjalling C. Koopmans,1975,United States,"Netherlands, United States",Economics,Man, born in the Netherlands
Tobias Asser,1911,Netherlands,Netherlands,Peace,Man,
Tomas Lindahl,2015,Sweden,Sweden,Chemistry,Man,
Tomas Lindahl,2015,United Kingdom,"Sweden, United Kingdom",Chemistry,Man, born in Sweden
Tomas Tranströmer,2011,Sweden,Sweden,Literature,Man,
Toni Morrison,1993,United States,United States,Literature,Woman,
Torsten Wiesel,1981,Sweden,Sweden,Physiology or Medicine,Man,
Toshihide Maskawa,2008,Japan,Japan,Physics,Man,
Trygve Haavelmo,1989,Norway,Norway,Economics,Man,
Tsung-Dao Lee,1957,"China, Republic of","China, Republic of",Physics,Man,
Tsung-Dao Lee,1957,United States,"China, Republic of, United States",Physics,Man, born in China
Tu Youyou,2015,"China, People's Republic of",China,Physiology or Medicine,Woman,
Tunisian National Dialogue Quartet,2015,Tunisia,Tunisia,Peace,Organization,
Ulf von Euler,1970,Sweden,Sweden,Physiology or Medicine,Man,
V. S. Naipaul,2001,Trinidad and Tobago,Trinidad and Tobago,Literature,Man,
V. S. Naipaul,2001,United Kingdom,"Trinidad and Tobago, United Kingdom",Literature,Man, born in Trinidad
Val Fitch,1980,United States,United States,Physics,Man,
Venkatraman Ramakrishnan,2009,India,India,Chemistry,Man,
Venkatraman Ramakrishnan,2009,United States,"India, United States",Chemistry,Man, born in India
Vernon L. Smith,2002,United States,United States,Economics,Man,
Vicente Aleixandre,1977,Spain,Spain,Literature,Man,
Victor Francis Hess,1936,Austria,Austria,Physics,Man,
Victor Grignard,1912,France,France,Chemistry,Man,
Vincent du Vigneaud,1955,United States,United States,Chemistry,Man,
Vitaly Ginzburg,2003,Russia and Soviet Union,Russia and Soviet Union,Physics,Man,
Vladimir Prelog,1975,Bosnia and Herzegovina,Bosnia and Herzegovina,Chemistry,Man," Ethnic Croat and national born in Condominium of Bosnia and Herzegovina,  Austro-Hungarian Empire (now Bosnia and Herzegovina)"
Vladimir Prelog,1975,Croatia,"Bosnia and Herzegovina, Croatia",Chemistry,Man," Ethnic Croat and national born in Condominium of Bosnia and Herzegovina,  Austro-Hungarian Empire (now Bosnia and Herzegovina)"
Vladimir Prelog,1975,Switzerland,"Bosnia and Herzegovina, Croatia, Switzerland",Chemistry,Man," born in Austria-Hungary,  now Bosnia-Herzegovina"
W. Arthur Lewis,1979,Saint Lucia,Saint Lucia,Economics,Man,
W. Arthur Lewis,1979,United Kingdom,"Saint Lucia, United Kingdom",Economics,Man, Born on St.  Lucia
W. B. Yeats,1923,Ireland,Ireland,Literature,Man,
Walter Gilbert,1980,United States,United States,Chemistry,Man,
Walter H. Brattain,1956,United States,United States,Physics,Man, Born in China
Walter Kohn,1998,Austria,Austria,Chemistry,Man,
Walter Kohn,1998,United States,"Austria, United States",Chemistry,Man, Born in Austria
Walter Rudolf Hess,1949,Switzerland,Switzerland,Physiology or Medicine,Man,
Walther Bothe,1954,Germany,Germany,Physics,Man,
Walther Nernst,1920,Germany,Germany,Chemistry,Man,
Wangari Maathai,2004,Kenya,Kenya,Peace,Woman,
Wassily Leontief,1973,United States,United States,Economics,Man, Born in Germany
Wendell M. Stanley,1946,United States,United States,Chemistry,Man,
Werner Arber,1978,Switzerland,Switzerland,Physiology or Medicine,Man,
Werner Forssmann,1956,Germany,Germany,Physiology or Medicine,Man,
Werner Karl Heisenberg,1932,Germany,Germany,Physics,Man,
Wilhelm Conrad Röntgen,1901,Germany,Germany,Physics,Man,
Wilhelm Ostwald,1909,Germany,Germany,Chemistry,Man," Born in Russia,  now Latvia"
Wilhelm Wien,1911,Germany,Germany,Physics,Man,
Willard F. Libby,1960,United States,United States,Chemistry,Man,
Willard S. Boyle,2009,Canada,Canada,Physics,Man,
Willard S. Boyle,2009,United States,"Canada, United States",Physics,Man, Born in Canada
Willem Einthoven,1924,Netherlands,Netherlands,Physiology or Medicine,Man,
William A. Fowler,1983,United States,United States,Physics,Man,
William B. Shockley,1956,United States,United States,Physics,Man,
William C. Campbell,2015,Ireland,Ireland,Physiology or Medicine,Man,
William C. Campbell,2015,United States,"Ireland, United States",Physiology or Medicine,Man, Born in Ireland
William D. Phillips,1997,United States,United States,Physics,Man,
William E. Moerner,2014,United States,United States,Chemistry,Man,
William F. Sharpe,1990,United States,United States,Economics,Man,
William Faulkner,1949,United States,United States,Literature,Man,
William Giauque,1949,Canada,Canada,Chemistry,Man,
William Giauque,1949,United States,"Canada, United States",Chemistry,Man, Born in Canada
William Golding,1983,United Kingdom,United Kingdom,Literature,Man,
William H. Stein,1972,United States,United States,Chemistry,Man,
William Henry Bragg,1915,United Kingdom,United Kingdom,Physics,Man,
William Kaelin Jr.,2019,United States,United States,Physiology or Medicine,Man,
William Lawrence Bragg,1915,Australia,Australia,Physics,Man,
William Lawrence Bragg,1915,United Kingdom,"Australia, United Kingdom",Physics,Man, Born in Australia
William Lipscomb,1976,United States,United States,Chemistry,Man,
William Nordhaus,2018,United States,United States,Economics,Man,
William P. Murphy,1934,United States,United States,Physiology or Medicine,Man,
William Ramsay,1904,United Kingdom,United Kingdom,Chemistry,Man,
William Randal Cremer,1903,United Kingdom,United Kingdom,Peace,Man,
William S. Knowles,2001,United States,United States,Chemistry,Man,
William Vickrey,1996,Canada,Canada,Economics,Man,
William Vickrey,1996,United States,"Canada, United States",Economics,Man, Born in Canada
Willis E. Lamb,1955,United States,United States,Physics,Man,
Willy Brandt,1971,Germany,Germany,Peace,Man,
Winston Churchill,1953,United Kingdom,United Kingdom,Literature,Man,
Wisława Szymborska,1996,Poland,Poland,Literature,Woman,
Władysław Reymont,1924,Poland,Poland,Literature,Man, Born in Congress Poland (Russian Empire)
Władysław Reymont,1924,Russia and Soviet Union,"Poland, Russia and Soviet Union",Literature,Man, Born in Congress Poland (Russian Empire)
Wole Soyinka,1986,Nigeria,Nigeria,Literature,Man,
Wolfgang Ketterle,2001,Germany,Germany,Physics,Man,
Wolfgang Paul,1989,Germany,Germany,Physics,Man,
Wolfgang Pauli,1945,Austria,Austria,Physics,Man,
Woodrow Wilson,1919,United States,United States,Peace,Man,
Yasser Arafat,1994,Palestine,Palestine,Peace,Man," Born in Cairo,  Egypt"
Yasunari Kawabata,1968,Japan,Japan,Literature,Man,
Yitzhak Rabin,1994,Israel,Israel,Peace,Man,
Yoichiro Nambu,2008,Japan,Japan,Physics,Man,
Yoichiro Nambu,2008,United States,"Japan, United States",Physics,Man, Born in Japan
Yoshinori Ohsumi,2016,Japan,Japan,Physiology or Medicine,Man,
Yuan T. Lee,1986,"Taiwan (China, Republic of)","Taiwan (China, Republic of)",Chemistry,Man,
Yuan T. Lee,1986,United States,"Taiwan (China, Republic of), United States",Chemistry,Man, Born in Taiwan
Yves Chauvin,2005,France,France,Chemistry,Man,
Zhores Alferov,2000,Belarus,Belarus,Physics,Man,
Zhores Alferov,2000,Russia and Soviet Union,"Belarus, Russia and Soviet Union",Physics,Man," Born in then Soviet Union,  now Belarus"
